Model,Fold,Accuracy,Macro F1,Weighted F1
Logistic Regression,1,0.9099533497981105,0.9197202256706556,0.9087261639688543
SVM,1,0.9659335920655455,0.9705483283750707,0.9657551070000984
Random Forest,1,0.9811439099925516,0.9772819951100994,0.9811158148024091
Extra Trees,1,0.9861617468344506,0.9832936645925509,0.9861473078187036
Logistic Regression,2,0.9068527520777795,0.9169415627448289,0.9055761396577119
SVM,2,0.9635408499294339,0.9654215180988399,0.9633829930232364
Random Forest,2,0.9808687470597459,0.9755171398925869,0.9808479592666342
Extra Trees,2,0.9849851027128744,0.980822469121846,0.9849749605639979
Logistic Regression,3,0.9059902775599812,0.9136120382889881,0.9048270872378206
SVM,3,0.9640504939626784,0.9673370180855143,0.9638524167384369
Random Forest,3,0.9800454759291203,0.9812384961936227,0.9800183921215718
Extra Trees,3,0.9834953740003136,0.984248727465023,0.9834709090744742
MLP Neural Network,1,0.7545964169508801,0.6292936733603566,0.6952411679633768
1D CNN,1,0.7099063075777177,0.5939930740926681,0.6540105745318928
CNN-LSTM,1,0.6055509820063507,0.5173488983243149,0.5647639312892637
MLP Neural Network,2,0.7620746432491767,0.6384029196562455,0.7057824455683783
1D CNN,2,0.7132272228320526,0.5866616246040385,0.6447364096087149
CNN-LSTM,2,0.46989179865140346,0.38877699334689936,0.4556772084076016
MLP Neural Network,3,0.7607417280853066,0.6349415072522601,0.7015700968546741
1D CNN,3,0.7126391720244629,0.589428306694966,0.6481765973077389
CNN-LSTM,3,0.3044143013956406,0.24884101563232086,0.2875388441655758
Patch-based 2D CNN,1,0.7569184741959611,0.6284407230567884,0.7050665098063039
Patch-based 2D CNN,2,0.7589946892063729,0.6231395949186929,0.6991752390807648
Patch-based 2D CNN,3,0.7551798937841274,0.623953349471216,0.7000512784856585
